<?xml version="1.0"?>
<MEGACORE title="SDI MegaCore Function"  version="13.0"  build="144"  iptb_version="1.3.0 Build 144"  format_version="120" >
<NETLIST_SECTION active_core="sdi_megacore_top" >
<STATIC_SECTION>
<PRIVATES>
<NAMESPACE name = "parameterization">
<PRIVATE name = "direction" value="Duplex"  type="STRING"  enable="1" />
<PRIVATE name = "test_pattern" value="false"  type="BOOLEAN"  enable="1" />
<PRIVATE name = "num_channels" value="1"  type="INTEGER"  enable="1" />
<PRIVATE name = "standard" value="3G"  type="STRING"  enable="1" />
<PRIVATE name = "rate_flag" value="false"  type="BOOLEAN"  enable="1" />
<PRIVATE name = "crc_flag" value="false"  type="BOOLEAN"  enable="1" />
<PRIVATE name = "enable_soft_serdes" value="false"  type="BOOLEAN"  enable="1" />
<PRIVATE name = "tx_clk_option" value="no_pll"  type="STRING"  enable="1" />
<PRIVATE name = "rx_clk_option" value="no_pll"  type="STRING"  enable="1" />
<PRIVATE name = "fvh_flag" value="false"  type="BOOLEAN"  enable="1" />
<PRIVATE name = "os_mode" value="false"  type="BOOLEAN"  enable="1" />
<PRIVATE name = "serdes_type" value=" "  type="STRING"  enable="1" />
<PRIVATE name = "tcvr_protocol_select" value="tcvr_protocol"  type="STRING"  enable="1" />
<PRIVATE name = "starting_channel_number" value="0"  type="INTEGER"  enable="1" />
<PRIVATE name = "tolerate_missed_eav" value="1"  type="INTEGER"  enable="1" />
<PRIVATE name = "debugMode" value="false"  type="BOOLEAN"  enable="1" />
<PRIVATE name = "enable_pll_reconfig" value="false"  type="BOOLEAN"  enable="1" />
<PRIVATE name = "enable_tx_clk_mux" value="false"  type="BOOLEAN"  enable="1" />
<PRIVATE name = "devicefamily" value="Cyclone V"  type="STRING"  enable="1" />
<PRIVATE name = "dlparam" value="false"  type="STRING"  enable="1" />
<PRIVATE name = "dsparam" value="false"  type="STRING"  enable="1" />
<PRIVATE name = "duplex" value="true"  type="STRING"  enable="1" />
<PRIVATE name = "hdparam" value="false"  type="STRING"  enable="1" />
<PRIVATE name = "mrparam" value="false"  type="STRING"  enable="1" />
<PRIVATE name = "multiXcvrText0" value="Device Behavior for Multiple Transceivers"  type="STRING"  enable="1" />
<PRIVATE name = "multiXcvrText1" value="Cyclone V devices have two transmit PLLs per transceiver block allowing each"  type="STRING"  enable="1" />
<PRIVATE name = "multiXcvrText2" value="transmitter to run at one of two independent rates."  type="STRING"  enable="1" />
<PRIVATE name = "multiXcvrText3" value="Receivers in a transceiver block share a common training clock, but have "  type="STRING"  enable="1" />
<PRIVATE name = "multiXcvrText4" value="independent receiver PLLs. Because the same training clock is used for SD and "  type="STRING"  enable="1" />
<PRIVATE name = "multiXcvrText5" value="HD SDI,receivers can accommodate the different standards within a single "  type="STRING"  enable="1" />
<PRIVATE name = "multiXcvrText6" value="transceiver block."  type="STRING"  enable="1" />
<PRIVATE name = "multiXcvrText7" value="TX CLK MUX feature is not supported."  type="STRING"  enable="1" />
<PRIVATE name = "rx" value="false"  type="STRING"  enable="1" />
<PRIVATE name = "sdparam" value="false"  type="STRING"  enable="1" />
<PRIVATE name = "starting_channel_text_0" value="Each SDI core must have a unique starting channel number."  type="STRING"  enable="1" />
<PRIVATE name = "starting_channel_text_1" value="See ALTERA GXB or SDI user guide for more info."  type="STRING"  enable="1" />
<PRIVATE name = "threegparam" value="true"  type="STRING"  enable="1" />
<PRIVATE name = "tx" value="false"  type="STRING"  enable="1" />
</NAMESPACE>
<NAMESPACE name = "simgen_enable">
<PRIVATE name = "language" value="VERILOG"  type="STRING"  enable="1" />
<PRIVATE name = "enabled" value="1"  type="STRING"  enable="1" />
</NAMESPACE>
<NAMESPACE name = "greybox">
<PRIVATE name = "gb_enabled" value="0"  type="STRING"  enable="1" />
<PRIVATE name = "filename" value="sdi_i_prot_syn.v"  type="STRING"  enable="1" />
</NAMESPACE>
<NAMESPACE name = "simgen">
<PRIVATE name = "filename" value="sdi_i_prot.vo"  type="STRING"  enable="1" />
</NAMESPACE>
<NAMESPACE name = "serializer"/>
</PRIVATES>
<FILES/>
<CONSTANTS>
<CONSTANT name = "ENABLE_TX_LOGIC" value="1"  type="HDL_VECTOR"  radix="BINARY"  width="1"  vhdl_type="STD_LOGIC_VECTOR" />
<CONSTANT name = "ENABLE_RX_LOGIC" value="1"  type="HDL_VECTOR"  radix="BINARY"  width="1"  vhdl_type="STD_LOGIC_VECTOR" />
<CONSTANT name = "enable_pattern_generator" value="0"  type="HDL_VECTOR"  radix="BINARY"  width="1"  vhdl_type="STD_LOGIC_VECTOR" />
<CONSTANT name = "num_chs" value="1"  type="INTEGER" />
<CONSTANT name = "enable_rate_flags" value="0"  type="HDL_VECTOR"  radix="BINARY"  width="1"  vhdl_type="STD_LOGIC_VECTOR" />
<CONSTANT name = "generate_hd_blocks" value="1"  type="HDL_VECTOR"  radix="BINARY"  width="1"  vhdl_type="STD_LOGIC_VECTOR" />
<CONSTANT name = "generate_sd_blocks" value="0"  type="HDL_VECTOR"  radix="BINARY"  width="1"  vhdl_type="STD_LOGIC_VECTOR" />
<CONSTANT name = "enable_hard_serdes" value="1"  type="HDL_VECTOR"  radix="BINARY"  width="1"  vhdl_type="STD_LOGIC_VECTOR" />
<CONSTANT name = "enable_crc_flag_port" value="0"  type="HDL_VECTOR"  radix="BINARY"  width="1"  vhdl_type="STD_LOGIC_VECTOR" />
<CONSTANT name = "enable_soft_serdes" value="0"  type="HDL_VECTOR"  radix="BINARY"  width="1"  vhdl_type="STD_LOGIC_VECTOR" />
<CONSTANT name = "INCLUDE_TX_PLL" value="1"  type="HDL_VECTOR"  radix="BINARY"  width="1"  vhdl_type="STD_LOGIC_VECTOR" />
<CONSTANT name = "INCLUDE_RX_PLL" value="1"  type="HDL_VECTOR"  radix="BINARY"  width="1"  vhdl_type="STD_LOGIC_VECTOR" />
<CONSTANT name = "enable_fvh_flag_port" value="0"  type="HDL_VECTOR"  radix="BINARY"  width="1"  vhdl_type="STD_LOGIC_VECTOR" />
<CONSTANT name = "ENABLE_RX_GXB" value="1"  type="HDL_VECTOR"  radix="BINARY"  width="1"  vhdl_type="STD_LOGIC_VECTOR" />
<CONSTANT name = "ENABLE_TX_GXB" value="1"  type="HDL_VECTOR"  radix="BINARY"  width="1"  vhdl_type="STD_LOGIC_VECTOR" />
<CONSTANT name = "ENABLE_HD_DUAL_LINK" value="0"  type="HDL_VECTOR"  radix="BINARY"  width="1"  vhdl_type="STD_LOGIC_VECTOR" />
<CONSTANT name = "ENABLE_2X_HD_TX" value="0"  type="HDL_VECTOR"  radix="BINARY"  width="1"  vhdl_type="STD_LOGIC_VECTOR" />
<CONSTANT name = "ENABLE_3G" value="1"  type="HDL_VECTOR"  radix="BINARY"  width="1"  vhdl_type="STD_LOGIC_VECTOR" />
<CONSTANT name = "ENABLE_RX_SS" value="0"  type="HDL_VECTOR"  radix="BINARY"  width="1"  vhdl_type="STD_LOGIC_VECTOR" />
<CONSTANT name = "ENABLE_TX_SS" value="0"  type="HDL_VECTOR"  radix="BINARY"  width="1"  vhdl_type="STD_LOGIC_VECTOR" />
<CONSTANT name = "USE_CYCLONE_CLOCKING" value="0"  type="HDL_VECTOR"  radix="BINARY"  width="1"  vhdl_type="STD_LOGIC_VECTOR" />
<CONSTANT name = "SELECT_CUSTOMPHY" value="0"  type="HDL_VECTOR"  radix="BINARY"  width="1"  vhdl_type="STD_LOGIC_VECTOR" />
<CONSTANT name = "SELECT_ALT2GXB" value="0"  type="HDL_VECTOR"  radix="BINARY"  width="1"  vhdl_type="STD_LOGIC_VECTOR" />
<CONSTANT name = "SELECT_ALT4GXB" value="0"  type="HDL_VECTOR"  radix="BINARY"  width="1"  vhdl_type="STD_LOGIC_VECTOR" />
<CONSTANT name = "SELECT_ALT_C4GXB" value="0"  type="HDL_VECTOR"  radix="BINARY"  width="1"  vhdl_type="STD_LOGIC_VECTOR" />
<CONSTANT name = "ENABLE_PLL_RECONFIG" value="0"  type="HDL_VECTOR"  radix="BINARY"  width="1"  vhdl_type="STD_LOGIC_VECTOR" />
<CONSTANT name = "ENABLE_TX_CLK_MUX" value="0"  type="HDL_VECTOR"  radix="BINARY"  width="1"  vhdl_type="STD_LOGIC_VECTOR" />
<CONSTANT name = "STARTING_CHANNEL_NUMBER" value="0"  type="INTEGER" />
<CONSTANT name = "STARTING_CHANNEL_NUMBER_LINK_B" value="4"  type="INTEGER" />
<CONSTANT name = "TOLERATE_CONSECUTIVE_MISSED_EAV" value="1"  type="INTEGER" />
<CONSTANT name = "SELECT_FAMILY" value="Cyclone V"  type="STRING" />
<CONSTANT name = "SELECT_NATIVEPHY" value="1"  type="HDL_VECTOR"  radix="BINARY"  width="1"  vhdl_type="STD_LOGIC_VECTOR" />
</CONSTANTS>
<PORTS>
<PORT name = "rst_rx" direction="INPUT"  connect_to="rst_rx"  default="NODEFVAL"  width="1"  description="" />
<PORT name = "rst_tx" direction="INPUT"  connect_to="rst_tx"  default="NODEFVAL"  width="1"  description="" />
<PORT name = "rx_serial_refclk" direction="INPUT"  connect_to="rx_serial_refclk"  default="NODEFVAL"  width="1"  description="" />
<PORT name = "tx_pclk" direction="INPUT"  connect_to="tx_pclk"  default="NODEFVAL"  width="1"  description="" />
<PORT name = "tx_serial_refclk" direction="INPUT"  connect_to="tx_serial_refclk"  default="NODEFVAL"  width="1"  description="" />
<PORT name = "sdi_tx" direction="OUTPUT"  connect_to="sdi_tx"  default="NODEFVAL"  high_width="0"  low_width="0"  description="" />
<PORT name = "sdi_rx" direction="INPUT"  connect_to="sdi_rx"  default="NODEFVAL"  high_width="0"  low_width="0"  description="" />
<PORT name = "rxdata" direction="OUTPUT"  connect_to="rxdata"  default="NODEFVAL"  high_width="19"  low_width="0"  description="" />
<PORT name = "rx_data_valid_out" direction="OUTPUT"  connect_to="rx_data_valid_out"  default="NODEFVAL"  high_width="1"  low_width="0"  description="" />
<PORT name = "txdata" direction="INPUT"  connect_to="txdata"  default="NODEFVAL"  high_width="19"  low_width="0"  description="" />
<PORT name = "tx_trs" direction="INPUT"  connect_to="tx_trs"  default="NODEFVAL"  high_width="0"  low_width="0"  description="" />
<PORT name = "tx_ln" direction="INPUT"  connect_to="tx_ln"  default="NODEFVAL"  high_width="21"  low_width="0"  description="" />
<PORT name = "rx_anc_data" direction="OUTPUT"  connect_to="rx_anc_data"  default="NODEFVAL"  high_width="19"  low_width="0"  description="" />
<PORT name = "rx_anc_valid" direction="OUTPUT"  connect_to="rx_anc_valid"  default="NODEFVAL"  high_width="3"  low_width="0"  description="" />
<PORT name = "rx_anc_error" direction="OUTPUT"  connect_to="rx_anc_error"  default="NODEFVAL"  high_width="3"  low_width="0"  description="" />
<PORT name = "rx_clk" direction="OUTPUT"  connect_to="rx_clk"  default="NODEFVAL"  width="1"  description="" />
<PORT name = "rx_status" direction="OUTPUT"  connect_to="rx_status"  default="NODEFVAL"  high_width="10"  low_width="0"  description="" />
<PORT name = "tx_status" direction="OUTPUT"  connect_to="tx_status"  default="NODEFVAL"  high_width="0"  low_width="0"  description="" />
<PORT name = "enable_ln" direction="INPUT"  connect_to="enable_ln"  default="NODEFVAL"  high_width="0"  low_width="0"  description="" />
<PORT name = "enable_crc" direction="INPUT"  connect_to="enable_crc"  default="NODEFVAL"  high_width="0"  low_width="0"  description="" />
<PORT name = "refclk_rate" direction="INPUT"  connect_to="refclk_rate"  default="NODEFVAL"  width="1"  description="" />
<PORT name = "en_sync_switch" direction="INPUT"  connect_to="en_sync_switch"  default="NODEFVAL"  width="1"  description="" />
<PORT name = "rx_xyz" direction="OUTPUT"  connect_to="rx_xyz"  default="NODEFVAL"  width="1"  description="" />
<PORT name = "xyz_valid" direction="OUTPUT"  connect_to="xyz_valid"  default="NODEFVAL"  width="1"  description="" />
<PORT name = "rx_eav" direction="OUTPUT"  connect_to="rx_eav"  default="NODEFVAL"  width="1"  description="" />
<PORT name = "rx_trs" direction="OUTPUT"  connect_to="rx_trs"  default="NODEFVAL"  width="1"  description="" />
<PORT name = "gxb_tx_clkout" direction="OUTPUT"  connect_to="gxb_tx_clkout"  default="NODEFVAL"  high_width="0"  low_width="0"  description="" />
<PORT name = "sdi_reconfig_fromgxb" direction="OUTPUT"  connect_to="sdi_reconfig_fromgxb"  default="NODEFVAL"  high_width="91"  low_width="0"  description="" />
<PORT name = "sdi_reconfig_togxb" direction="INPUT"  connect_to="sdi_reconfig_togxb"  default="NODEFVAL"  high_width="139"  low_width="0"  description="" />
<PORT name = "rx_std" direction="OUTPUT"  connect_to="rx_std"  default="NODEFVAL"  high_width="1"  low_width="0"  description="" />
<PORT name = "tx_std" direction="INPUT"  connect_to="tx_std"  default="NODEFVAL"  high_width="1"  low_width="0"  description="" />
</PORTS>
<LIBRARIES/>
</STATIC_SECTION>
</NETLIST_SECTION>
</MEGACORE>
