<?xml version="1.0" encoding="UTF-8"?>
<preferences>
 <debug showDebugMenu="0" />
 <systemtable filter="Default">
  <columns>
   <connections preferredWidth="255" />
   <irq preferredWidth="63" />
   <name preferredWidth="323" />
   <inputclock preferredWidth="193" />
   <export preferredWidth="236" />
  </columns>
 </systemtable>
 <clocktable>
  <columns>
   <clockname preferredWidth="382" />
   <clocksource preferredWidth="381" />
   <frequency preferredWidth="381" />
  </columns>
 </clocktable>
 <library expandedCategories="Project,Library" />
 <window width="1440" height="860" x="0" y="0" />
 <hdlexample language="VERILOG" />
</preferences>
